Country Name;Country Code;Series Name;Series Code;1998 [YR1998];1999 [YR1999];2000 [YR2000];2001 [YR2001];2002 [YR2002];2003 [YR2003];2004 [YR2004];2005 [YR2005];2006 [YR2006];2007 [YR2007];2008 [YR2008];2009 [YR2009];2010 [YR2010];2011 [YR2011];2012 [YR2012];2013 [YR2013];2014 [YR2014];2015 [YR2015];2016 [YR2016];2017 [YR2017];2018 [YR2018];2019 [YR2019];2020 [YR2020];2021 [YR2021]
Afghanistan;AFG;Imports of goods and services (% of GDP);NE.IMP.GNFS.ZS;;;;;;;;;;;;;;;;;;;;;;;;
Albania;ALB;Imports of goods and services (% of GDP);NE.IMP.GNFS.ZS;36.67;34.17;43.34;45.16;47.58;46.17;44.83;47.86;49.06;54.95;52.15;49.85;48.56;51.98;47.57;46.96;47.19;44.53;45.83;46.62;45.24;44.97;37.25;43.91
Algeria;DZA;Imports of goods and services (% of GDP);NE.IMP.GNFS.ZS;22.52;22.78;20.79;22.02;25.63;23.88;25.65;24.07;21.92;24.87;28.71;35.95;31.42;28.69;28.51;30.40;31.93;36.52;35.05;32.69;32.20;29.09;28.00;26.39
American Samoa;ASM;Imports of goods and services (% of GDP);NE.IMP.GNFS.ZS;;;;;109.77;109.54;111.98;123.60;129.41;120.66;135.36;82.81;94.42;98.77;100.94;102.04;108.09;98.81;95.23;102.29;103.60;94.90;96.51;102.12
Andorra;AND;Imports of goods and services (% of GDP);NE.IMP.GNFS.ZS;;;;;;;;;;;;;;;;;;;;;;;;
Angola;AGO;Imports of goods and services (% of GDP);NE.IMP.GNFS.ZS;;;62.86;74.95;48.22;49.58;45.20;41.06;31.16;40.15;48.89;63.69;42.58;39.31;35.86;36.06;34.64;33.13;25.25;23.25;25.54;17.04;16.25;16.20
Antigua and Barbuda;ATG;Imports of goods and services (% of GDP);NE.IMP.GNFS.ZS;83.43;85.63;74.77;75.34;72.21;77.40;79.83;82.72;87.63;88.03;86.15;71.29;73.26;69.88;72.51;75.62;73.95;63.75;64.26;66.13;70.54;68.53;47.82;
Argentina;ARG;Imports of goods and services (% of GDP);NE.IMP.GNFS.ZS;12.93;11.56;11.64;10.27;13.37;14.71;16.85;17.31;17.41;18.28;18.34;14.50;16.04;16.76;14.29;14.72;14.00;11.78;13.57;13.97;16.33;14.71;13.61;14.95
Armenia;ARM;Imports of goods and services (% of GDP);NE.IMP.GNFS.ZS;52.84;49.80;50.07;45.72;46.15;49.57;44.88;42.83;38.88;38.79;40.28;42.60;44.89;46.91;48.40;49.20;47.22;41.96;42.33;48.99;53.08;54.76;39.72;43.83
Aruba;ABW;Imports of goods and services (% of GDP);NE.IMP.GNFS.ZS;83.63;84.63;70.68;69.40;68.65;70.07;67.77;76.99;76.45;74.90;73.59;74.64;75.25;84.69;83.55;85.34;84.61;72.98;70.42;71.26;74.63;71.99;64.93;68.25
Australia;AUS;Imports of goods and services (% of GDP);NE.IMP.GNFS.ZS;20.44;20.75;21.56;22.08;20.73;21.16;19.86;20.95;21.72;21.84;22.71;22.73;20.72;20.41;21.67;21.29;21.38;21.56;21.55;20.72;21.52;21.68;20.23;17.79
Austria;AUT;Imports of goods and services (% of GDP);NE.IMP.GNFS.ZS;38.58;38.90;42.01;42.92;41.63;41.82;43.93;45.41;47.25;48.17;48.82;41.85;47.76;51.15;51.18;50.63;50.12;49.34;48.58;50.89;52.46;52.13;48.61;55.32
Azerbaijan;AZE;Imports of goods and services (% of GDP);NE.IMP.GNFS.ZS;54.53;41.86;38.38;37.32;50.05;65.55;72.72;52.90;38.76;28.51;23.47;23.11;20.68;24.08;25.29;26.26;26.21;34.81;43.65;41.85;37.58;36.77;36.39;29.91
Bahamas, The;BHS;Imports of goods and services (% of GDP);NE.IMP.GNFS.ZS;43.07;39.25;41.60;38.43;34.10;35.25;37.79;42.64;49.24;47.92;47.94;42.33;43.72;50.90;46.12;45.68;45.94;36.45;37.13;39.69;39.81;36.23;34.17;42.13
Bahrain;BHR;Imports of goods and services (% of GDP);NE.IMP.GNFS.ZS;63.89;62.96;56.63;53.42;58.63;56.03;62.13;64.42;62.47;58.11;63.31;49.50;50.94;74.74;83.74;87.07;79.52;71.82;65.42;67.31;71.55;65.21;67.09;
Bangladesh;BGD;Imports of goods and services (% of GDP);NE.IMP.GNFS.ZS;16.12;16.63;16.98;18.71;16.56;16.23;15.71;20.00;21.76;22.95;24.96;23.15;21.78;27.50;27.95;26.76;25.52;24.75;17.41;17.18;19.84;18.48;15.83;17.06
Barbados;BRB;Imports of goods and services (% of GDP);NE.IMP.GNFS.ZS;45.65;46.50;47.34;45.39;44.49;47.13;50.36;52.80;50.55;47.41;50.86;45.80;48.00;48.66;47.94;51.27;49.75;47.29;42.11;40.69;39.94;37.97;36.80;40.47
Belarus;BLR;Imports of goods and services (% of GDP);NE.IMP.GNFS.ZS;63.91;61.63;72.40;70.30;67.37;68.99;74.25;59.09;64.23;67.21;68.66;59.76;64.55;79.51;74.31;61.48;55.71;57.90;62.70;66.58;68.94;65.76;57.92;66.63
Belgium;BEL;Imports of goods and services (% of GDP);NE.IMP.GNFS.ZS;60.53;60.61;69.68;67.96;65.25;63.68;66.01;70.25;72.76;74.17;80.21;66.57;74.15;80.80;80.34;78.53;78.98;76.39;78.24;82.14;83.42;81.77;77.73;85.81
Belize;BLZ;Imports of goods and services (% of GDP);NE.IMP.GNFS.ZS;42.83;50.51;54.79;51.68;49.88;50.19;44.44;47.69;47.38;45.64;51.91;44.33;44.49;50.54;52.23;52.80;51.64;52.09;48.77;47.48;48.64;49.68;43.32;50.11
Benin;BEN;Imports of goods and services (% of GDP);NE.IMP.GNFS.ZS;32.50;31.38;26.74;28.39;24.04;22.97;21.39;20.61;21.72;27.07;25.63;24.77;28.36;26.37;26.84;31.63;33.84;32.04;31.38;34.27;34.52;34.05;24.96;34.29
Bermuda;BMU;Imports of goods and services (% of GDP);NE.IMP.GNFS.ZS;;;;;;;;;;;;;23.80;23.73;23.27;24.66;25.36;23.32;23.42;23.85;26.08;25.82;22.06;23.52
Bhutan;BTN;Imports of goods and services (% of GDP);NE.IMP.GNFS.ZS;51.25;53.21;49.96;49.29;50.86;52.34;64.00;66.22;60.72;58.66;59.40;63.75;72.44;72.20;64.54;63.77;58.87;63.45;53.79;51.12;53.37;48.19;46.26;52.74
Bolivia;BOL;Imports of goods and services (% of GDP);NE.IMP.GNFS.ZS;32.58;27.29;27.32;25.26;27.72;26.37;26.33;32.09;32.77;34.27;37.96;32.90;34.32;38.39;37.78;37.14;41.97;37.06;31.91;31.80;31.12;31.43;25.23;31.19
Bosnia and Herzegovina;BIH;Imports of goods and services (% of GDP);NE.IMP.GNFS.ZS;98.36;94.18;63.47;63.97;59.60;59.98;59.28;60.04;53.57;56.45;59.31;48.74;51.27;55.80;55.79;54.19;56.56;53.81;52.97;57.09;57.29;55.23;48.59;54.57
Botswana;BWA;Imports of goods and services (% of GDP);NE.IMP.GNFS.ZS;52.55;43.73;40.09;38.87;39.68;37.01;41.38;35.58;34.83;42.02;52.06;52.65;52.49;54.73;63.76;64.40;58.21;59.81;45.85;39.00;43.23;46.09;46.47;49.87
Brazil;BRA;Imports of goods and services (% of GDP);NE.IMP.GNFS.ZS;9.41;11.42;12.45;14.56;13.39;12.96;13.13;11.84;11.67;11.96;13.72;11.25;11.91;12.35;13.24;14.04;13.67;14.05;12.07;11.80;14.24;14.77;16.10;19.08
British Virgin Islands;VGB;Imports of goods and services (% of GDP);NE.IMP.GNFS.ZS;;;;;;;;;;;;;;;;;;;;;;;;
Brunei Darussalam;BRN;Imports of goods and services (% of GDP);NE.IMP.GNFS.ZS;57.40;48.40;35.82;39.19;41.63;35.97;31.79;27.29;25.22;27.90;27.61;35.79;27.96;30.03;35.48;42.90;34.24;37.68;37.74;35.60;41.96;50.56;52.93;66.95
Bulgaria;BGR;Imports of goods and services (% of GDP);NE.IMP.GNFS.ZS;35.10;47.33;41.53;44.20;41.62;44.60;52.11;57.18;64.07;71.18;72.21;50.47;53.30;58.65;63.64;65.15;65.69;62.90;58.96;62.68;63.16;60.71;54.16;59.65
Burkina Faso;BFA;Imports of goods and services (% of GDP);NE.IMP.GNFS.ZS;28.13;26.90;26.28;22.61;22.45;21.15;24.60;24.33;24.15;23.43;25.24;26.51;28.56;31.30;34.64;36.96;31.89;32.98;31.98;32.82;32.52;31.05;;
Burundi;BDI;Imports of goods and services (% of GDP);NE.IMP.GNFS.ZS;19.44;15.96;16.23;15.78;16.99;20.99;24.62;28.90;35.10;32.00;36.70;29.20;29.80;34.20;34.01;37.51;34.30;16.42;16.66;16.21;20.91;23.85;22.22;23.82
Cabo Verde;CPV;Imports of goods and services (% of GDP);NE.IMP.GNFS.ZS;59.09;59.99;60.51;62.35;68.54;67.40;69.56;66.57;72.68;66.21;63.09;56.96;61.77;64.33;59.85;54.85;60.69;59.16;59.96;67.38;68.00;65.26;59.84;58.01
Cambodia;KHM;Imports of goods and services (% of GDP);NE.IMP.GNFS.ZS;44.38;53.63;61.76;61.60;64.27;66.56;70.91;72.75;76.02;72.94;67.78;55.92;59.52;59.50;62.71;67.66;67.01;66.15;65.67;64.11;63.30;62.47;62.46;67.61
Cameroon;CMR;Imports of goods and services (% of GDP);NE.IMP.GNFS.ZS;20.32;17.81;23.07;26.31;25.50;20.81;21.29;22.75;22.93;26.24;29.92;22.59;24.87;27.29;26.16;26.04;27.22;24.55;21.69;20.85;21.85;23.53;18.50;20.36
Canada;CAN;Imports of goods and services (% of GDP);NE.IMP.GNFS.ZS;38.05;38.25;38.56;36.30;35.65;32.97;32.86;32.90;32.65;32.05;32.63;29.96;31.04;31.82;32.24;31.90;32.64;34.31;33.86;33.65;34.17;33.50;31.42;30.64
Cayman Islands;CYM;Imports of goods and services (% of GDP);NE.IMP.GNFS.ZS;;;;;;;;;;;;;;;;;;;;43.41;45.53;45.36;46.22;
Central African Republic;CAF;Imports of goods and services (% of GDP);NE.IMP.GNFS.ZS;28.39;23.99;25.29;22.57;20.15;18.00;19.25;21.71;22.08;23.47;23.43;21.65;22.80;21.35;21.51;23.43;36.42;36.08;35.71;39.88;33.72;34.31;34.35;30.50
Chad;TCD;Imports of goods and services (% of GDP);NE.IMP.GNFS.ZS;29.57;32.19;34.68;49.66;113.66;58.75;50.76;37.87;48.33;40.23;37.60;41.97;43.55;41.80;42.11;39.08;42.47;36.56;37.00;39.70;38.01;37.83;42.01;44.23
Channel Islands;CHI;Imports of goods and services (% of GDP);NE.IMP.GNFS.ZS;;;;;;;;;;;;;;;;;;;;;;;;
Chile;CHL;Imports of goods and services (% of GDP);NE.IMP.GNFS.ZS;28.69;26.39;28.59;30.30;30.23;30.63;30.20;31.89;29.85;31.85;39.51;29.57;31.81;34.79;34.31;33.06;32.63;30.16;28.13;27.69;29.65;29.69;26.97;32.54
China;CHN;Imports of goods and services (% of GDP);NE.IMP.GNFS.ZS;14.08;15.36;18.52;18.22;20.10;24.82;28.44;28.38;28.44;26.76;25.01;20.44;23.53;24.17;22.78;22.15;21.40;18.11;17.31;17.94;18.45;17.48;16.17;17.43
Colombia;COL;Imports of goods and services (% of GDP);NE.IMP.GNFS.ZS;20.90;17.80;16.75;18.51;18.17;19.94;19.09;20.45;21.91;20.67;21.06;18.73;17.92;20.19;20.02;19.90;20.85;22.71;21.49;20.14;20.64;21.69;20.41;24.44
Comoros;COM;Imports of goods and services (% of GDP);NE.IMP.GNFS.ZS;26.92;26.92;26.92;26.92;26.92;26.92;26.92;26.92;26.92;24.18;28.00;28.58;29.91;30.04;31.86;30.19;29.56;27.67;26.46;28.26;30.09;29.49;28.06;31.47
Congo, Dem. Rep.;COD;Imports of goods and services (% of GDP);NE.IMP.GNFS.ZS;32.89;17.54;15.56;13.05;13.65;30.03;26.61;29.37;26.26;41.07;44.74;36.13;49.64;45.68;37.55;41.02;41.86;31.61;31.97;39.04;37.37;29.37;29.89;40.10
Congo, Rep.;COG;Imports of goods and services (% of GDP);NE.IMP.GNFS.ZS;72.62;59.10;43.61;53.31;53.94;76.05;50.84;44.55;48.14;80.10;59.71;71.07;55.54;50.98;39.36;40.07;51.08;79.97;85.78;55.16;49.01;53.16;42.41;37.16
Costa Rica;CRI;Imports of goods and services (% of GDP);NE.IMP.GNFS.ZS;48.08;44.98;43.59;40.34;41.19;42.66;43.05;45.76;46.50;45.87;47.60;35.13;34.68;36.17;35.40;33.47;33.83;30.76;30.92;32.31;33.21;31.44;28.57;34.47
Cote d'Ivoire;CIV;Imports of goods and services (% of GDP);NE.IMP.GNFS.ZS;26.47;27.16;27.17;25.64;24.54;24.52;27.98;30.94;30.85;30.94;30.93;31.26;33.97;29.43;35.32;29.19;25.52;25.36;22.92;23.62;23.43;22.62;20.64;22.76
Croatia;HRV;Imports of goods and services (% of GDP);NE.IMP.GNFS.ZS;35.85;36.14;39.53;42.30;45.27;45.91;45.05;45.07;46.02;45.88;46.19;37.84;37.32;39.92;40.53;41.76;43.08;45.49;45.77;48.52;50.27;51.01;48.50;52.75
Cuba;CUB;Imports of goods and services (% of GDP);NE.IMP.GNFS.ZS;18.25;17.33;16.95;16.13;13.20;13.64;15.29;18.34;18.47;17.63;24.35;15.45;17.72;21.86;20.36;20.22;17.19;14.47;12.29;11.67;12.56;10.61;7.51;45.13
Curacao;CUW;Imports of goods and services (% of GDP);NE.IMP.GNFS.ZS;;;;;;;;75.42;81.16;85.20;97.27;84.02;88.39;99.83;102.04;91.91;88.75;80.24;76.31;80.82;;;;
Cyprus;CYP;Imports of goods and services (% of GDP);NE.IMP.GNFS.ZS;66.21;64.28;67.53;63.64;61.24;56.24;57.01;56.22;56.37;58.02;62.84;54.07;58.57;57.16;57.07;59.63;64.89;67.26;68.54;74.18;73.56;75.46;82.77;83.70
Czechia;CZE;Imports of goods and services (% of GDP);NE.IMP.GNFS.ZS;42.36;43.24;49.96;50.16;46.33;48.25;56.43;59.48;62.15;63.68;60.79;54.45;62.49;67.04;70.88;70.36;75.62;74.62;71.48;71.51;71.00;67.89;63.20;69.77
Denmark;DNK;Imports of goods and services (% of GDP);NE.IMP.GNFS.ZS;34.11;33.35;38.14;38.41;38.85;37.04;38.28;41.95;46.64;48.59;50.65;42.63;43.58;47.43;48.61;48.22;47.65;48.63;46.74;47.90;50.42;51.58;48.58;52.52
Djibouti;DJI;Imports of goods and services (% of GDP);NE.IMP.GNFS.ZS;;;;;;;;;;;;;;;;191.46;140.99;122.94;109.31;155.87;143.78;154.22;107.35;
Dominica;DMA;Imports of goods and services (% of GDP);NE.IMP.GNFS.ZS;;;;;;;;;50.96;56.09;62.71;54.07;53.57;52.85;51.42;48.90;65.10;60.46;57.15;61.75;77.77;;;
Dominican Republic;DOM;Imports of goods and services (% of GDP);NE.IMP.GNFS.ZS;41.60;41.32;43.80;38.62;38.00;42.30;40.20;33.32;35.54;35.19;37.49;29.58;33.32;34.80;33.81;31.51;30.35;28.41;27.68;26.54;28.50;27.94;26.00;30.98
Ecuador;ECU;Imports of goods and services (% of GDP);NE.IMP.GNFS.ZS;25.50;22.82;27.34;27.52;27.88;24.64;26.11;28.48;29.38;30.66;33.89;26.86;32.41;33.37;31.59;30.97;29.66;23.99;19.02;21.59;23.76;23.03;19.52;25.20
Egypt, Arab Rep.;EGY;Imports of goods and services (% of GDP);NE.IMP.GNFS.ZS;25.71;23.31;22.82;22.33;22.67;24.38;29.59;32.61;31.57;34.83;38.64;31.60;26.59;24.69;24.31;23.36;22.68;21.66;19.90;29.31;29.37;25.74;20.65;20.28
El Salvador;SLV;Imports of goods and services (% of GDP);NE.IMP.GNFS.ZS;36.49;36.59;41.88;40.88;40.41;42.31;43.88;44.45;47.52;52.05;53.93;42.12;46.59;50.29;49.08;50.73;48.55;47.07;44.36;45.27;46.70;46.09;43.82;54.82
Equatorial Guinea;GNQ;Imports of goods and services (% of GDP);NE.IMP.GNFS.ZS;;;;;;;;43.61;36.21;45.46;39.46;47.87;58.91;39.28;44.77;39.24;38.42;42.22;41.19;43.57;44.03;43.75;45.94;46.59
Eritrea;ERI;Imports of goods and services (% of GDP);NE.IMP.GNFS.ZS;80.09;86.72;58.21;61.26;64.81;67.57;59.80;54.94;38.36;28.79;26.13;23.44;31.09;29.24;;;;;;;;;;
Estonia;EST;Imports of goods and services (% of GDP);NE.IMP.GNFS.ZS;83.20;74.25;64.87;65.21;65.36;65.61;68.90;70.50;73.38;71.39;70.30;55.90;68.63;80.79;84.55;81.88;78.38;73.50;73.40;71.75;71.60;69.87;69.19;78.66
Eswatini;SWZ;Imports of goods and services (% of GDP);NE.IMP.GNFS.ZS;84.78;81.27;85.13;82.00;94.76;88.32;78.63;67.75;51.08;53.78;60.04;57.77;60.19;45.93;42.97;46.27;44.49;40.98;42.59;44.29;44.33;42.96;41.97;45.91
Ethiopia;ETH;Imports of goods and services (% of GDP);NE.IMP.GNFS.ZS;;;;;;;;;;;;;;31.55;31.63;28.99;29.10;30.29;27.09;23.47;22.83;20.88;16.88;16.66
Faroe Islands;FRO;Imports of goods and services (% of GDP);NE.IMP.GNFS.ZS;44.96;51.73;59.21;53.34;49.56;61.49;49.71;58.92;55.60;57.38;57.52;53.20;50.46;53.41;64.60;58.62;52.73;52.39;50.02;50.87;54.06;52.70;49.14;52.21
Fiji;FJI;Imports of goods and services (% of GDP);NE.IMP.GNFS.ZS;58.43;61.60;70.51;69.04;64.25;68.71;70.92;63.67;67.97;61.79;73.87;59.43;63.79;65.20;64.17;69.47;58.48;52.35;50.53;51.01;55.49;58.55;44.22;54.58
Finland;FIN;Imports of goods and services (% of GDP);NE.IMP.GNFS.ZS;29.53;28.64;32.86;30.51;30.16;30.73;32.34;36.31;38.91;39.03;41.28;34.04;37.05;39.68;40.36;39.08;37.63;35.98;36.09;37.50;39.72;39.72;35.71;39.19
France;FRA;Imports of goods and services (% of GDP);NE.IMP.GNFS.ZS;23.38;23.68;27.27;26.69;25.54;24.69;25.46;26.95;28.17;28.57;29.28;25.63;28.08;30.37;30.50;30.40;30.81;31.16;30.85;32.01;32.72;32.55;29.41;31.39
French Polynesia;PYF;Imports of goods and services (% of GDP);NE.IMP.GNFS.ZS;27.79;23.51;23.25;;;;;;;;;;;;;;;;;35.02;;35.27;35.66;
Gabon;GAB;Imports of goods and services (% of GDP);NE.IMP.GNFS.ZS;48.57;38.12;32.67;29.36;32.15;28.37;26.73;23.94;28.08;26.60;26.80;31.33;31.49;28.75;31.39;33.28;29.00;27.92;26.10;24.84;22.74;22.00;22.56;16.85
Gambia, The;GMB;Imports of goods and services (% of GDP);NE.IMP.GNFS.ZS;28.57;28.02;30.56;25.11;32.49;37.77;29.34;30.12;29.34;26.26;24.61;26.03;26.34;25.78;27.86;26.48;36.42;33.34;30.11;36.53;41.38;34.43;37.88;35.62
Georgia;GEO;Imports of goods and services (% of GDP);NE.IMP.GNFS.ZS;37.11;38.10;39.67;38.87;42.40;46.18;47.91;51.27;56.65;57.58;58.03;48.65;49.94;52.86;55.43;53.88;56.84;57.91;56.03;57.51;61.20;63.78;56.58;59.63
Germany;DEU;Imports of goods and services (% of GDP);NE.IMP.GNFS.ZS;25.18;26.41;30.68;30.22;28.34;29.04;30.51;32.86;36.02;36.55;37.73;33.11;37.30;40.15;40.21;39.66;39.00;39.33;38.70;40.07;41.21;41.02;37.39;41.71
Ghana;GHA;Imports of goods and services (% of GDP);NE.IMP.GNFS.ZS;46.73;49.63;67.25;64.81;54.87;56.61;60.37;61.72;40.73;40.83;44.48;42.30;45.90;49.36;52.81;35.32;35.60;42.69;36.68;36.67;34.50;39.38;17.80;28.52
Gibraltar;GIB;Imports of goods and services (% of GDP);NE.IMP.GNFS.ZS;;;;;;;;;;;;;;;;;;;;;;;;
Greece;GRC;Imports of goods and services (% of GDP);NE.IMP.GNFS.ZS;25.97;28.12;34.70;33.35;30.24;29.65;29.19;29.59;31.68;35.00;35.97;28.76;29.40;31.34;33.32;32.67;34.04;33.15;32.73;36.54;41.16;41.77;39.68;48.59
Greenland;GRL;Imports of goods and services (% of GDP);NE.IMP.GNFS.ZS;;;;;;49.50;48.87;58.65;51.89;58.76;70.39;55.03;76.42;92.55;63.47;58.21;48.62;45.52;45.07;43.52;45.32;51.20;48.84;
Grenada;GRD;Imports of goods and services (% of GDP);NE.IMP.GNFS.ZS;;;;;;;;;;;;;;;;;;;;;;;;
Guam;GUM;Imports of goods and services (% of GDP);NE.IMP.GNFS.ZS;;;;;47.61;46.34;46.14;43.75;49.06;56.61;57.39;54.66;54.94;59.17;57.68;60.03;59.52;53.27;51.45;50.29;53.78;55.80;57.48;59.89
Guatemala;GTM;Imports of goods and services (% of GDP);NE.IMP.GNFS.ZS;26.25;27.36;28.95;42.01;40.38;40.82;42.80;41.65;42.57;43.02;40.05;33.67;36.90;37.98;36.69;34.69;33.34;30.06;27.62;27.57;28.84;27.91;24.83;32.07
Guinea;GIN;Imports of goods and services (% of GDP);NE.IMP.GNFS.ZS;26.92;26.03;28.96;30.02;28.97;25.19;25.82;35.11;45.56;47.57;42.54;47.30;43.21;53.35;53.54;53.96;50.08;50.95;82.47;56.59;48.78;43.37;68.07;68.07
Guinea-Bissau;GNB;Imports of goods and services (% of GDP);NE.IMP.GNFS.ZS;35.84;42.82;33.12;26.82;23.35;24.59;26.39;25.17;27.60;33.95;32.79;35.22;35.22;30.95;25.70;25.82;31.39;32.24;31.30;33.07;30.74;35.08;29.25;
Guyana;GUY;Imports of goods and services (% of GDP);NE.IMP.GNFS.ZS;107.91;104.55;110.69;106.70;104.42;99.49;105.16;109.73;;;;;;;;;;;;;;;;
Haiti;HTI;Imports of goods and services (% of GDP);NE.IMP.GNFS.ZS;26.62;29.70;20.06;20.79;20.63;29.36;25.87;25.79;28.49;25.04;27.22;24.18;36.15;32.25;30.60;29.81;31.40;30.28;33.54;34.69;36.45;37.45;29.76;29.93
Honduras;HND;Imports of goods and services (% of GDP);NE.IMP.GNFS.ZS;64.25;67.20;66.42;64.56;65.27;68.15;77.04;77.48;77.08;81.56;84.42;57.37;63.68;70.96;70.29;68.36;65.41;62.10;57.10;58.72;62.10;58.11;50.52;61.92
Hong Kong SAR, China;HKG;Imports of goods and services (% of GDP);NE.IMP.GNFS.ZS;110.30;107.55;121.62;118.08;123.92;141.68;159.07;165.24;174.02;175.74;183.24;170.26;199.45;209.00;214.72;221.01;212.89;193.51;184.72;187.89;188.55;176.10;174.38;198.70
Hungary;HUN;Imports of goods and services (% of GDP);NE.IMP.GNFS.ZS;54.50;58.38;70.55;66.17;60.18;60.28;63.88;65.30;75.23;77.68;79.14;70.78;76.36;80.36;79.77;78.94;81.27;79.79;78.00;79.31;79.51;79.24;76.80;81.24
Iceland;ISL;Imports of goods and services (% of GDP);NE.IMP.GNFS.ZS;38.11;36.97;39.01;37.79;33.92;35.58;38.02;42.09;47.13;41.83;42.39;40.67;41.90;46.86;49.16;45.54;45.15;44.17;40.85;41.25;43.33;39.85;35.01;39.98
India;IND;Imports of goods and services (% of GDP);NE.IMP.GNFS.ZS;12.68;13.36;13.90;13.43;15.24;15.64;19.64;22.40;24.46;24.89;29.27;25.87;26.85;31.08;31.26;28.41;25.95;22.11;20.92;21.95;23.69;21.27;19.10;23.89
Indonesia;IDN;Imports of goods and services (% of GDP);NE.IMP.GNFS.ZS;43.22;27.43;30.46;30.76;26.39;23.14;27.54;29.92;25.62;25.39;28.75;21.35;22.40;23.85;24.99;24.71;24.41;20.78;18.33;19.18;22.07;19.04;15.70;18.86
Iran, Islamic Rep.;IRN;Imports of goods and services (% of GDP);NE.IMP.GNFS.ZS;16.54;15.59;19.79;21.23;23.76;26.05;26.05;24.11;23.30;21.04;21.65;20.99;19.37;16.29;21.61;21.90;22.52;20.70;19.23;22.01;28.17;27.27;24.39;21.53
Iraq;IRQ;Imports of goods and services (% of GDP);NE.IMP.GNFS.ZS;54.34;60.68;49.63;61.51;49.19;76.84;63.96;61.39;38.62;28.19;30.73;39.29;34.08;27.75;29.10;27.75;30.04;35.08;26.48;25.86;25.00;30.94;29.43;24.18
Ireland;IRL;Imports of goods and services (% of GDP);NE.IMP.GNFS.ZS;73.45;73.41;80.57;79.62;73.27;65.69;66.11;68.65;70.99;72.56;75.71;80.04;86.68;84.59;87.03;85.23;92.12;93.33;106.04;98.99;94.29;124.37;114.43;95.03
Isle of Man;IMN;Imports of goods and services (% of GDP);NE.IMP.GNFS.ZS;;;;;;;;;;;;;;;;;;;;;;;;
Israel;ISR;Imports of goods and services (% of GDP);NE.IMP.GNFS.ZS;30.12;34.08;34.70;32.72;34.67;34.22;37.79;39.62;39.46;40.24;38.33;30.06;32.28;34.90;35.42;31.41;30.29;28.04;28.09;27.32;29.02;27.05;23.21;25.50
Italy;ITA;Imports of goods and services (% of GDP);NE.IMP.GNFS.ZS;21.03;21.42;24.78;24.39;23.65;22.85;23.42;24.70;26.99;27.70;27.63;23.02;26.93;28.27;27.28;26.23;26.21;26.70;26.04;27.87;28.95;28.28;25.84;30.31
Jamaica;JAM;Imports of goods and services (% of GDP);NE.IMP.GNFS.ZS;46.04;45.20;50.72;49.26;49.08;51.54;51.77;55.21;60.61;61.52;71.63;52.41;49.59;53.45;51.86;52.68;53.49;46.20;44.64;48.87;51.41;52.07;41.77;45.78
Japan;JPN;Imports of goods and services (% of GDP);NE.IMP.GNFS.ZS;8.63;8.32;9.10;9.48;9.59;9.86;10.88;12.41;14.36;15.53;16.89;11.97;13.58;15.42;16.06;18.19;20.01;17.99;15.25;16.83;18.31;17.73;15.80;18.95
Jordan;JOR;Imports of goods and services (% of GDP);NE.IMP.GNFS.ZS;64.26;61.16;68.50;67.15;66.62;68.33;82.43;94.20;87.87;91.76;84.86;67.08;67.23;72.15;72.63;70.16;67.81;59.03;54.84;55.36;52.84;48.81;41.70;51.14
Kazakhstan;KAZ;Imports of goods and services (% of GDP);NE.IMP.GNFS.ZS;34.86;40.12;49.10;46.95;47.04;43.05;43.91;44.57;40.48;42.85;37.15;33.93;29.89;26.65;29.61;26.79;25.63;24.53;28.47;24.43;25.90;28.42;26.50;24.00
Kenya;KEN;Imports of goods and services (% of GDP);NE.IMP.GNFS.ZS;28.73;27.36;31.72;33.02;30.27;30.05;32.87;35.97;32.25;31.98;34.90;27.17;30.27;36.85;31.76;29.67;29.70;25.20;21.62;23.26;21.87;20.33;17.59;20.10
Kiribati;KIR;Imports of goods and services (% of GDP);NE.IMP.GNFS.ZS;80.14;93.87;93.21;97.79;110.01;93.05;91.01;111.29;85.44;83.98;84.77;88.39;78.98;87.06;91.00;93.81;103.77;107.91;109.48;103.39;88.44;101.62;83.01;95.79
Korea, Dem. People's Rep.;PRK;Imports of goods and services (% of GDP);NE.IMP.GNFS.ZS;;;;;;;;;;;;;;;;;;;;;;;;
Korea, Rep.;KOR;Imports of goods and services (% of GDP);NE.IMP.GNFS.ZS;28.96;27.17;32.16;30.44;28.58;29.78;33.26;33.04;35.03;36.48;47.87;40.95;44.30;52.23;51.36;46.66;42.78;36.14;33.47;36.19;37.28;36.48;32.67;38.46
Kosovo;XKX;Imports of goods and services (% of GDP);NE.IMP.GNFS.ZS;;;;;;;;;;;59.54;58.53;60.51;61.20;56.84;52.10;53.55;51.57;51.19;53.08;57.26;56.44;53.91;65.23
Kuwait;KWT;Imports of goods and services (% of GDP);NE.IMP.GNFS.ZS;51.10;39.43;30.15;35.54;36.61;34.46;32.38;28.27;24.17;28.32;25.92;29.38;30.35;25.89;26.28;26.75;31.53;44.93;48.53;46.64;45.62;44.89;;
Kyrgyz Republic;KGZ;Imports of goods and services (% of GDP);NE.IMP.GNFS.ZS;58.03;57.00;47.58;37.02;43.34;45.25;51.26;56.78;79.03;84.15;92.56;78.68;81.68;81.64;95.27;91.78;87.68;75.77;70.00;66.36;67.27;64.14;52.16;69.08
Lao PDR;LAO;Imports of goods and services (% of GDP);NE.IMP.GNFS.ZS;47.81;44.18;38.18;38.03;38.50;37.07;41.17;42.83;43.81;45.60;48.70;46.85;49.34;51.36;60.31;60.01;58.31;51.85;41.88;;;;;
Latvia;LVA;Imports of goods and services (% of GDP);NE.IMP.GNFS.ZS;51.32;44.84;44.75;48.37;46.67;48.56;54.22;57.27;60.39;57.31;51.92;44.20;55.35;65.71;66.78;64.76;64.08;61.98;59.26;62.22;62.12;60.47;58.93;66.90
Lebanon;LBN;Imports of goods and services (% of GDP);NE.IMP.GNFS.ZS;40.95;36.75;35.94;39.95;34.94;37.35;55.92;56.14;55.48;60.83;68.08;57.20;60.07;65.78;59.74;59.53;56.06;48.70;46.00;46.53;47.50;42.00;33.76;52.80
Lesotho;LSO;Imports of goods and services (% of GDP);NE.IMP.GNFS.ZS;;;;;;;;;;111.81;108.21;116.04;107.98;102.07;108.91;95.24;88.81;86.58;94.02;98.26;93.92;90.88;87.90;88.92
Liberia;LBR;Imports of goods and services (% of GDP);NE.IMP.GNFS.ZS;;;;;;;;;;;;;;;;;;;;;;;;
Libya;LBY;Imports of goods and services (% of GDP);NE.IMP.GNFS.ZS;20.88;14.58;13.72;16.63;34.09;33.30;32.37;27.14;25.90;29.30;29.13;44.38;31.81;24.86;31.36;46.45;44.29;34.68;26.53;20.35;24.17;35.37;;
Liechtenstein;LIE;Imports of goods and services (% of GDP);NE.IMP.GNFS.ZS;;;;;;;;;;;;;;;;;;;;;;;;
Lithuania;LTU;Imports of goods and services (% of GDP);NE.IMP.GNFS.ZS;50.53;42.40;44.78;49.57;53.09;52.01;55.83;62.35;67.30;64.75;69.23;53.55;65.95;75.57;77.62;77.22;70.45;69.77;66.87;71.28;73.39;72.01;63.95;75.97
Luxembourg;LUX;Imports of goods and services (% of GDP);NE.IMP.GNFS.ZS;108.87;109.99;124.77;124.56;114.33;112.13;121.49;130.25;138.14;137.91;130.72;115.61;130.96;139.23;140.58;144.15;150.65;159.30;157.34;161.05;164.92;173.52;165.60;176.69
Macao SAR, China;MAC;Imports of goods and services (% of GDP);NE.IMP.GNFS.ZS;50.69;56.05;58.50;58.80;59.12;57.93;54.13;51.99;50.24;51.79;46.91;35.05;32.52;32.55;32.94;30.77;32.99;39.99;35.54;34.31;33.10;31.87;59.51;75.98
Madagascar;MDG;Imports of goods and services (% of GDP);NE.IMP.GNFS.ZS;20.92;22.58;23.66;20.96;28.37;20.34;29.32;34.81;34.62;38.91;46.65;42.04;36.00;33.76;30.87;33.10;33.69;32.83;31.74;34.44;36.31;34.18;28.87;29.40
Malawi;MWI;Imports of goods and services (% of GDP);NE.IMP.GNFS.ZS;;;;;;;;;;;;;;;;;;;;;;;;
Malaysia;MYS;Imports of goods and services (% of GDP);NE.IMP.GNFS.ZS;93.75;96.26;100.60;92.96;91.05;87.25;95.00;90.96;90.39;86.30;77.17;71.14;71.01;69.68;68.54;67.09;64.52;61.92;60.12;63.14;61.85;57.75;55.23;61.73
Maldives;MDV;Imports of goods and services (% of GDP);NE.IMP.GNFS.ZS;;;;;;;;;;;;;;;;;74.69;71.17;77.07;79.26;83.72;78.42;68.35;67.79
Mali;MLI;Imports of goods and services (% of GDP);NE.IMP.GNFS.ZS;28.92;29.78;32.94;33.89;29.74;32.86;31.63;31.14;32.55;32.50;38.33;28.81;35.15;31.19;31.26;39.88;38.08;39.60;40.32;35.85;35.62;37.95;36.33;40.22
Malta;MLT;Imports of goods and services (% of GDP);NE.IMP.GNFS.ZS;115.94;116.49;128.37;112.84;110.50;110.37;109.52;114.02;130.43;133.07;150.32;147.93;150.89;159.12;159.56;148.36;137.83;144.85;145.21;136.10;127.78;129.20;139.34;136.93
Marshall Islands;MHL;Imports of goods and services (% of GDP);NE.IMP.GNFS.ZS;87.03;84.96;100.81;92.97;75.12;86.63;83.71;92.19;87.53;88.80;93.07;101.39;109.24;102.43;103.35;111.41;100.78;94.26;80.40;86.56;89.16;115.08;72.90;69.63
Mauritania;MRT;Imports of goods and services (% of GDP);NE.IMP.GNFS.ZS;26.93;26.45;33.42;35.16;32.01;36.19;51.95;61.48;40.42;45.54;52.52;44.76;47.68;48.30;62.53;56.85;54.22;47.15;39.23;44.31;52.56;54.60;53.99;60.94
Mauritius;MUS;Imports of goods and services (% of GDP);NE.IMP.GNFS.ZS;66.52;66.89;61.22;61.79;58.21;54.11;55.15;64.22;68.62;65.01;64.42;56.75;62.22;65.09;65.71;60.73;58.07;55.65;52.19;53.10;51.99;52.22;46.51;53.75
Mexico;MEX;Imports of goods and services (% of GDP);NE.IMP.GNFS.ZS;26.40;25.99;27.03;24.50;24.15;25.85;27.65;27.71;28.77;29.27;30.08;28.81;31.06;32.43;33.50;32.46;33.05;36.56;39.02;39.46;41.30;39.08;37.42;42.56
Micronesia, Fed. Sts.;FSM;Imports of goods and services (% of GDP);NE.IMP.GNFS.ZS;82.50;78.28;72.62;76.49;71.73;76.03;78.19;75.80;77.24;76.19;85.97;86.92;82.12;82.19;81.47;82.86;74.03;78.23;72.98;71.06;65.38;73.47;65.29;69.67
Moldova;MDA;Imports of goods and services (% of GDP);NE.IMP.GNFS.ZS;71.78;65.21;76.56;74.45;77.38;86.74;81.51;91.86;91.90;97.14;93.60;73.49;60.11;66.08;65.17;63.59;61.99;57.44;55.33;54.54;55.73;55.34;49.93;57.99
Monaco;MCO;Imports of goods and services (% of GDP);NE.IMP.GNFS.ZS;;;;;;;;;;;;;;;;;;;;;;;;
Mongolia;MNG;Imports of goods and services (% of GDP);NE.IMP.GNFS.ZS;59.51;62.08;67.89;65.50;67.79;67.95;70.54;63.61;53.49;58.27;67.18;57.54;56.67;74.45;66.02;61.42;57.07;45.47;50.18;56.77;68.19;65.18;55.18;60.55
Montenegro;MNE;Imports of goods and services (% of GDP);NE.IMP.GNFS.ZS;;;51.11;61.99;59.87;46.99;58.09;61.08;77.43;85.74;92.82;65.09;62.74;64.31;68.09;61.43;59.98;60.57;63.07;64.50;66.73;65.00;61.01;62.20
Morocco;MAR;Imports of goods and services (% of GDP);NE.IMP.GNFS.ZS;27.39;28.83;32.37;31.21;31.62;30.82;33.49;37.00;38.74;43.92;49.93;39.91;43.01;48.73;50.20;47.24;41.76;37.29;40.39;41.57;43.43;41.91;38.05;42.02
Mozambique;MOZ;Imports of goods and services (% of GDP);NE.IMP.GNFS.ZS;27.80;34.84;34.91;30.13;49.38;45.02;42.95;41.51;36.91;35.60;35.82;37.69;42.20;50.13;72.99;76.41;80.18;62.83;72.09;61.14;82.33;79.73;66.34;68.83
Myanmar;MMR;Imports of goods and services (% of GDP);NE.IMP.GNFS.ZS;;;;;;;;;;;;;8.18;7.03;5.77;15.16;20.65;24.48;30.94;35.08;34.09;30.30;26.45;24.81
Namibia;NAM;Imports of goods and services (% of GDP);NE.IMP.GNFS.ZS;50.76;49.67;44.40;47.53;48.25;52.52;42.06;40.27;41.47;55.12;65.99;72.20;59.79;56.65;60.16;60.22;64.06;61.87;58.96;47.60;45.83;46.50;41.72;47.99
Nauru;NRU;Imports of goods and services (% of GDP);NE.IMP.GNFS.ZS;;;;;;;;;;;73.81;61.67;48.15;67.16;54.26;75.00;92.98;125.96;95.62;82.07;90.63;100.60;99.42;106.44
Nepal;NPL;Imports of goods and services (% of GDP);NE.IMP.GNFS.ZS;33.89;29.72;32.43;33.24;28.49;28.55;29.46;29.48;31.32;31.72;33.26;34.66;36.40;28.49;29.17;32.57;35.86;36.45;33.94;36.83;40.63;41.47;34.11;38.60
Netherlands;NLD;Imports of goods and services (% of GDP);NE.IMP.GNFS.ZS;53.21;54.50;59.49;56.74;53.31;52.64;54.93;57.17;59.59;61.68;61.27;54.65;61.72;66.97;69.77;69.67;69.48;75.16;69.32;72.64;74.14;72.73;68.20;72.72
New Caledonia;NCL;Imports of goods and services (% of GDP);NE.IMP.GNFS.ZS;36.01;37.96;37.59;39.48;38.08;41.28;36.59;40.44;44.13;44.79;49.36;40.68;47.97;46.75;45.99;43.15;40.37;41.98;38.76;37.92;;;;
New Zealand;NZL;Imports of goods and services (% of GDP);NE.IMP.GNFS.ZS;28.28;30.45;32.77;31.80;29.81;28.08;29.26;29.73;29.99;29.15;32.33;26.41;27.98;28.85;28.16;27.20;27.18;26.96;25.86;26.62;27.92;27.02;22.31;26.57
Nicaragua;NIC;Imports of goods and services (% of GDP);NE.IMP.GNFS.ZS;37.68;44.01;41.19;38.94;39.24;41.47;44.14;47.26;56.04;59.96;62.32;53.01;59.90;66.81;67.71;65.77;61.69;58.11;54.93;55.04;51.71;49.58;47.22;59.39
Niger;NER;Imports of goods and services (% of GDP);NE.IMP.GNFS.ZS;21.05;18.72;20.37;19.56;18.92;20.11;22.71;23.94;22.66;22.44;26.53;34.53;35.76;34.96;28.99;29.32;29.80;30.46;24.30;26.26;26.30;26.29;25.78;27.23
Nigeria;NGA;Imports of goods and services (% of GDP);NE.IMP.GNFS.ZS;21.13;13.12;12.97;21.43;16.80;22.58;11.64;12.03;13.05;18.10;15.13;17.43;17.66;21.66;12.99;13.00;12.45;10.67;11.50;13.18;17.51;19.80;8.23;11.84
North Macedonia;MKD;Imports of goods and services (% of GDP);NE.IMP.GNFS.ZS;53.32;49.58;47.21;42.28;45.23;43.41;50.17;51.03;54.76;61.98;68.35;54.37;58.09;66.07;66.84;61.46;64.88;64.96;65.52;68.99;72.84;76.17;70.47;82.25
Northern Mariana Islands;MNP;Imports of goods and services (% of GDP);NE.IMP.GNFS.ZS;;;;;60.90;62.47;77.44;78.70;75.96;61.73;48.88;45.28;50.69;61.59;64.08;68.01;67.31;69.78;81.14;62.12;58.14;62.01;;
Norway;NOR;Imports of goods and services (% of GDP);NE.IMP.GNFS.ZS;35.11;31.40;28.92;28.32;27.24;26.92;27.92;27.41;27.71;29.89;28.97;27.82;28.49;28.40;27.53;28.35;29.67;32.06;33.48;32.83;32.24;34.78;33.09;29.32
Oman;OMN;Imports of goods and services (% of GDP);NE.IMP.GNFS.ZS;50.04;38.56;32.56;37.06;37.30;40.02;44.52;35.95;37.02;46.19;43.65;44.51;37.29;37.72;39.35;46.51;40.84;46.72;41.54;43.24;38.66;36.98;44.82;41.39
Pakistan;PAK;Imports of goods and services (% of GDP);NE.IMP.GNFS.ZS;17.53;16.97;13.24;14.29;13.86;14.63;13.30;17.84;21.55;19.78;23.21;19.68;19.35;18.97;20.41;20.06;18.66;17.05;15.96;17.25;19.04;19.51;17.42;17.99
Palau;PLW;Imports of goods and services (% of GDP);NE.IMP.GNFS.ZS;;;;;;;;;;;;;;;;;;;;;;;;
Panama;PAN;Imports of goods and services (% of GDP);NE.IMP.GNFS.ZS;83.62;69.83;71.98;67.96;64.21;60.35;65.88;71.19;71.72;78.11;88.61;69.17;78.23;84.26;82.87;72.47;63.73;52.25;45.44;45.62;47.20;43.77;34.47;41.63
Papua New Guinea;PNG;Imports of goods and services (% of GDP);NE.IMP.GNFS.ZS;48.82;52.89;49.24;52.25;58.00;54.03;58.92;;;;;;;;;;;;;;;;;
Paraguay;PRY;Imports of goods and services (% of GDP);NE.IMP.GNFS.ZS;46.97;34.76;35.31;31.96;31.97;33.98;34.42;37.43;38.44;35.63;38.34;32.74;39.12;38.25;36.77;34.66;33.62;32.17;30.62;33.04;35.58;35.15;29.49;34.82
Peru;PER;Imports of goods and services (% of GDP);NE.IMP.GNFS.ZS;19.25;17.81;18.77;18.46;17.97;18.61;19.02;20.51;21.25;24.17;28.71;21.67;23.85;25.49;25.17;24.98;24.25;23.88;22.79;22.79;23.44;22.90;21.15;26.42
Philippines;PHL;Imports of goods and services (% of GDP);NE.IMP.GNFS.ZS;42.27;38.75;41.81;43.74;43.84;45.27;45.30;42.62;39.61;35.63;34.32;30.67;33.23;31.69;30.37;29.65;30.11;31.93;35.10;38.62;41.95;40.46;32.97;37.76
Poland;POL;Imports of goods and services (% of GDP);NE.IMP.GNFS.ZS;30.79;30.02;33.68;30.97;32.27;36.10;37.21;35.92;40.15;42.32;43.09;38.13;42.46;44.71;44.99;44.80;46.08;45.37;47.27;49.23;50.70;49.49;47.33;54.53
Portugal;PRT;Imports of goods and services (% of GDP);NE.IMP.GNFS.ZS;36.50;36.83;39.25;37.65;35.23;33.77;35.54;35.86;38.19;38.75;40.81;34.20;37.71;38.64;38.27;38.51;40.07;39.88;39.06;41.71;42.98;43.06;39.19;44.58
Puerto Rico;PRI;Imports of goods and services (% of GDP);NE.IMP.GNFS.ZS;40.30;43.74;43.83;42.12;40.47;45.10;48.43;46.36;48.85;50.56;47.98;42.18;41.48;44.51;45.86;44.02;41.56;41.69;41.52;44.41;46.05;47.01;43.20;42.30
Qatar;QAT;Imports of goods and services (% of GDP);NE.IMP.GNFS.ZS;39.96;25.69;22.33;29.08;28.13;28.47;26.20;29.66;35.75;35.84;28.07;29.01;23.75;26.10;29.27;29.67;31.04;36.65;41.83;38.61;35.90;37.97;40.90;34.13
Romania;ROU;Imports of goods and services (% of GDP);NE.IMP.GNFS.ZS;30.82;31.31;26.93;29.82;29.70;31.97;34.88;34.83;36.91;38.79;39.02;32.45;38.16;40.87;40.79;41.15;41.90;42.17;43.48;44.82;44.93;44.30;41.18;46.51
Russian Federation;RUS;Imports of goods and services (% of GDP);NE.IMP.GNFS.ZS;24.55;26.17;24.03;24.22;24.43;23.88;22.16;21.51;21.00;21.54;22.07;20.50;21.14;19.98;20.24;20.44;20.69;20.66;20.66;20.79;20.79;20.80;20.45;21.31
Rwanda;RWA;Imports of goods and services (% of GDP);NE.IMP.GNFS.ZS;23.21;21.93;22.12;21.94;21.44;21.54;23.08;23.54;22.35;22.32;26.35;26.45;26.55;27.07;28.56;29.22;30.05;31.99;34.08;33.15;34.66;36.13;35.83;34.79
Samoa;WSM;Imports of goods and services (% of GDP);NE.IMP.GNFS.ZS;;;;;53.74;45.18;43.46;47.69;52.86;53.99;46.02;47.98;49.99;49.27;53.62;49.96;52.91;47.49;46.43;44.35;46.97;48.30;48.29;49.21
San Marino;SMR;Imports of goods and services (% of GDP);NE.IMP.GNFS.ZS;;;;;;;;;;;;;;;;;;146.91;147.08;145.07;142.89;143.27;140.42;
Sao Tome and Principe;STP;Imports of goods and services (% of GDP);NE.IMP.GNFS.ZS;;;;;;;;;;;;;;;;;;;;;;;;
Saudi Arabia;SAU;Imports of goods and services (% of GDP);NE.IMP.GNFS.ZS;26.46;23.18;24.76;23.93;23.64;23.98;24.10;24.90;30.11;34.93;33.99;37.77;32.98;29.49;29.24;30.79;33.77;37.80;30.72;29.33;25.67;27.24;25.89;24.35
Senegal;SEN;Imports of goods and services (% of GDP);NE.IMP.GNFS.ZS;29.51;30.48;30.92;32.02;33.53;32.60;34.56;35.10;34.88;38.72;41.92;32.91;32.48;36.27;39.50;38.28;36.66;35.43;32.55;35.78;38.84;39.26;39.34;40.95
Serbia;SRB;Imports of goods and services (% of GDP);NE.IMP.GNFS.ZS;23.55;15.32;13.71;35.86;36.77;38.02;49.09;45.05;47.47;48.32;50.24;39.67;44.48;45.81;49.63;48.07;50.15;52.22;53.34;57.06;59.06;60.94;56.50;62.28
Seychelles;SYC;Imports of goods and services (% of GDP);NE.IMP.GNFS.ZS;62.96;69.62;81.90;103.60;85.38;86.52;81.56;100.01;100.53;91.81;112.13;117.03;108.08;111.39;117.15;92.00;114.20;98.52;100.53;110.24;107.59;114.44;70.59;80.43
Sierra Leone;SLE;Imports of goods and services (% of GDP);NE.IMP.GNFS.ZS;21.27;19.92;39.40;27.58;29.84;31.98;29.12;29.30;25.05;24.69;25.69;27.94;34.48;64.45;60.37;58.83;52.43;47.44;54.50;48.29;39.23;37.94;36.47;41.46
Singapore;SGP;Imports of goods and services (% of GDP);NE.IMP.GNFS.ZS;145.29;159.74;176.01;166.40;165.66;174.63;187.57;195.27;197.33;181.51;208.33;167.35;171.69;175.77;172.49;171.96;168.51;151.09;138.56;144.99;147.73;146.53;150.01;153.47
Sint Maarten (Dutch part);SXM;Imports of goods and services (% of GDP);NE.IMP.GNFS.ZS;;;;;;;;;;;;;;103.63;104.16;116.10;104.69;90.56;89.57;86.34;104.24;;;
Slovak Republic;SVK;Imports of goods and services (% of GDP);NE.IMP.GNFS.ZS;56.55;51.14;55.58;64.56;63.40;62.81;70.60;75.43;83.39;82.95;81.92;68.20;76.89;83.66;85.34;87.91;86.63;88.59;90.57;92.98;93.97;91.58;83.44;94.03
Slovenia;SVN;Imports of goods and services (% of GDP);NE.IMP.GNFS.ZS;49.19;48.44;53.81;52.79;51.33;51.32;56.50;60.45;64.92;69.23;68.42;55.86;63.22;69.03;69.49;69.54;69.40;69.15;69.06;74.15;76.35;75.10;68.49;77.29
Solomon Islands;SLB;Imports of goods and services (% of GDP);NE.IMP.GNFS.ZS;42.61;32.70;31.45;27.57;23.61;33.96;37.93;39.27;42.73;51.60;52.62;42.73;61.00;57.10;54.91;53.67;51.12;47.83;45.82;43.52;46.37;46.50;32.28;37.98
Somalia;SOM;Imports of goods and services (% of GDP);NE.IMP.GNFS.ZS;;;;;;;;;;;;;;;;77.80;77.69;74.73;75.79;82.44;87.47;83.62;84.53;85.79
South Africa;ZAF;Imports of goods and services (% of GDP);NE.IMP.GNFS.ZS;21.52;19.99;21.82;22.81;25.03;21.81;22.89;23.83;27.67;29.17;33.72;24.60;24.62;26.94;28.44;30.50;30.50;29.01;27.71;26.20;27.07;26.76;23.20;25.02
South Sudan;SSD;Imports of goods and services (% of GDP);NE.IMP.GNFS.ZS;;;;;;;;;;;31.24;34.52;29.51;27.15;28.79;41.07;26.24;28.90;;;;;;
Spain;ESP;Imports of goods and services (% of GDP);NE.IMP.GNFS.ZS;26.56;28.28;31.52;30.14;28.55;27.83;29.11;29.78;30.94;31.76;30.36;23.93;26.98;29.26;29.39;29.02;30.37;30.57;29.88;31.53;32.43;31.97;29.34;33.45
Sri Lanka;LKA;Imports of goods and services (% of GDP);NE.IMP.GNFS.ZS;42.25;43.27;49.62;43.57;41.42;40.68;44.15;41.27;41.13;39.49;38.53;27.82;;;;;;27.02;26.65;26.92;28.36;27.60;21.37;24.21
St. Kitts and Nevis;KNA;Imports of goods and services (% of GDP);NE.IMP.GNFS.ZS;;;;;;;;;;;;;;;;;;;;;;;;
St. Lucia;LCA;Imports of goods and services (% of GDP);NE.IMP.GNFS.ZS;;;;;;;;;;;;;;;;;;;;;;;;
St. Martin (French part);MAF;Imports of goods and services (% of GDP);NE.IMP.GNFS.ZS;;;;;;;;;;;;;;;;;;;;;;;;
St. Vincent and the Grenadines;VCT;Imports of goods and services (% of GDP);NE.IMP.GNFS.ZS;;;;;;;;;;;;;;;;;;;;;;;;
Sudan;SDN;Imports of goods and services (% of GDP);NE.IMP.GNFS.ZS;15.17;16.93;13.42;10.73;14.22;14.19;16.13;21.41;21.11;17.50;17.61;22.58;23.30;13.85;16.05;14.46;0.71;0.77;0.74;0.80;0.68;0.59;0.30;1.88
Suriname;SUR;Imports of goods and services (% of GDP);NE.IMP.GNFS.ZS;;;;;;;;;45.42;47.25;52.26;43.80;38.41;;;;;;;;;;;
Sweden;SWE;Imports of goods and services (% of GDP);NE.IMP.GNFS.ZS;34.32;34.79;38.22;37.67;35.97;34.92;35.90;38.74;40.71;41.55;43.48;38.05;39.57;40.52;40.25;38.29;39.67;39.96;39.63;41.20;43.45;43.62;39.36;41.19
Switzerland;CHE;Imports of goods and services (% of GDP);NE.IMP.GNFS.ZS;42.22;43.04;46.50;45.84;43.22;42.61;44.22;48.41;49.64;51.78;53.65;51.77;55.23;59.11;58.68;61.63;54.88;53.31;56.75;57.27;56.95;57.16;57.86;59.48
Syrian Arab Republic;SYR;Imports of goods and services (% of GDP);NE.IMP.GNFS.ZS;30.90;31.99;29.17;30.48;31.89;29.34;37.67;39.09;35.19;37.78;36.67;30.88;31.84;31.33;27.65;36.93;47.25;36.80;45.43;41.71;35.74;28.99;33.61;
Tajikistan;TJK;Imports of goods and services (% of GDP);NE.IMP.GNFS.ZS;58.03;67.51;88.60;78.52;75.87;73.74;69.59;72.75;83.00;99.67;80.47;61.51;58.55;63.34;65.90;60.66;45.44;;;38.86;41.47;41.07;38.42;
Tanzania;TZA;Imports of goods and services (% of GDP);NE.IMP.GNFS.ZS;15.91;14.85;13.17;14.19;13.21;15.35;17.56;19.98;24.35;28.23;29.56;25.34;28.03;34.53;32.00;29.62;27.29;23.65;19.07;17.10;17.90;16.95;15.31;17.05
Thailand;THA;Imports of goods and services (% of GDP);NE.IMP.GNFS.ZS;42.30;44.27;56.46;57.02;54.32;55.17;61.44;69.45;65.41;61.00;69.02;54.83;60.76;68.82;68.72;65.29;62.51;57.20;53.50;54.22;56.00;50.16;46.25;58.45
Timor-Leste;TLS;Imports of goods and services (% of GDP);NE.IMP.GNFS.ZS;;;164.93;157.73;172.57;115.45;99.87;67.54;89.64;118.76;125.91;148.53;125.85;134.38;121.39;74.06;78.18;56.88;56.80;55.84;61.58;49.50;48.15;36.28
Togo;TGO;Imports of goods and services (% of GDP);NE.IMP.GNFS.ZS;43.30;39.01;40.45;43.65;42.60;45.42;48.43;51.22;51.64;51.67;50.34;50.21;53.37;64.47;59.21;66.28;57.75;57.81;39.97;32.87;32.75;31.31;32.15;34.23
Tonga;TON;Imports of goods and services (% of GDP);NE.IMP.GNFS.ZS;58.70;35.09;38.55;45.18;55.26;56.68;56.62;56.87;51.92;58.22;52.71;64.52;60.69;62.55;60.97;62.59;57.95;64.49;63.27;65.81;66.18;65.19;64.94;60.84
Trinidad and Tobago;TTO;Imports of goods and services (% of GDP);NE.IMP.GNFS.ZS;;;;;;;;;;;;;;;;;;;;;;;;
Tunisia;TUN;Imports of goods and services (% of GDP);NE.IMP.GNFS.ZS;41.46;39.93;42.91;46.74;44.56;42.91;44.73;45.32;47.91;52.98;58.69;47.98;52.19;54.05;55.64;54.07;52.97;48.85;48.80;54.09;58.39;56.38;46.29;52.23
Turkiye;TUR;Imports of goods and services (% of GDP);NE.IMP.GNFS.ZS;19.73;18.85;22.47;22.69;22.88;23.22;25.20;24.27;26.37;25.96;26.98;23.42;25.50;30.31;28.47;28.73;28.56;26.56;25.24;29.72;31.40;30.16;32.22;35.53
Turkmenistan;TKM;Imports of goods and services (% of GDP);NE.IMP.GNFS.ZS;66.60;54.80;48.34;40.49;28.29;30.60;29.63;23.29;17.33;19.50;37.35;57.87;50.96;51.27;50.50;48.75;44.31;45.62;39.90;31.11;12.50;;;
Turks and Caicos Islands;TCA;Imports of goods and services (% of GDP);NE.IMP.GNFS.ZS;;;;;;;;;;;;;;;;;;;;;;;;
Tuvalu;TUV;Imports of goods and services (% of GDP);NE.IMP.GNFS.ZS;;;;;;;;;;;;;;;;;;;;;;;;
Uganda;UGA;Imports of goods and services (% of GDP);NE.IMP.GNFS.ZS;20.40;23.77;22.10;23.81;25.06;25.20;22.76;24.81;28.36;30.05;31.98;28.45;24.44;26.90;28.01;26.60;21.07;24.81;18.78;20.18;21.55;22.25;21.59;25.93
Ukraine;UKR;Imports of goods and services (% of GDP);NE.IMP.GNFS.ZS;44.16;48.25;55.44;49.28;45.88;50.05;51.28;46.92;45.96;46.76;50.91;44.55;49.27;55.40;55.24;51.10;52.10;55.21;56.22;55.91;53.96;49.28;40.33;41.87
United Arab Emirates;ARE;Imports of goods and services (% of GDP);NE.IMP.GNFS.ZS;;;;40.71;43.57;46.38;53.05;51.97;50.84;64.41;69.65;73.81;61.64;61.59;62.34;63.09;67.11;71.91;73.24;74.46;65.93;70.72;70.65;
United Kingdom;GBR;Imports of goods and services (% of GDP);NE.IMP.GNFS.ZS;24.88;25.30;26.85;27.28;26.86;26.15;26.35;27.36;29.37;27.41;29.10;27.96;30.25;32.06;31.52;31.61;30.47;29.28;30.61;32.13;32.76;32.87;28.88;28.72
United States;USA;Imports of goods and services (% of GDP);NE.IMP.GNFS.ZS;12.31;13.00;14.41;13.26;13.15;13.59;14.82;15.66;16.33;16.55;17.44;13.83;15.88;17.28;17.04;16.42;16.45;15.35;14.65;15.02;15.25;14.58;13.18;14.59
Uruguay;URY;Imports of goods and services (% of GDP);NE.IMP.GNFS.ZS;19.22;18.29;20.02;19.50;19.41;24.33;29.36;28.47;31.67;30.12;35.01;26.30;25.36;26.82;29.14;26.36;25.54;22.85;21.62;20.66;21.43;21.86;20.74;25.32
Uzbekistan;UZB;Imports of goods and services (% of GDP);NE.IMP.GNFS.ZS;22.85;18.44;19.39;27.10;28.03;32.22;34.81;31.72;30.96;34.74;38.58;34.01;24.98;25.97;24.96;23.74;20.31;16.98;16.86;27.04;44.56;44.44;37.74;40.14
Vanuatu;VUT;Imports of goods and services (% of GDP);NE.IMP.GNFS.ZS;52.45;53.85;47.98;49.82;49.39;48.29;53.11;54.79;48.27;48.58;59.30;57.93;55.10;51.39;53.14;54.73;53.96;67.01;60.68;57.86;50.33;49.04;41.87;43.34
Venezuela, RB;VEN;Imports of goods and services (% of GDP);NE.IMP.GNFS.ZS;22.68;19.16;18.11;19.41;18.14;16.72;19.17;20.47;22.15;25.07;21.01;20.45;17.61;19.70;24.23;29.51;31.40;;;;;;;
Vietnam;VNM;Imports of goods and services (% of GDP);NE.IMP.GNFS.ZS;52.15;52.82;57.50;56.89;61.96;67.65;73.29;67.02;70.60;84.09;83.98;72.10;59.80;64.08;59.75;64.05;65.81;71.99;71.30;79.22;80.24;79.55;78.86;93.18
Virgin Islands (U.S.);VIR;Imports of goods and services (% of GDP);NE.IMP.GNFS.ZS;;;;;135.74;173.60;208.56;240.51;268.22;264.78;429.36;253.30;287.03;338.93;77.01;74.69;85.92;43.13;66.27;94.36;106.14;100.75;76.40;
West Bank and Gaza;PSE;Imports of goods and services (% of GDP);NE.IMP.GNFS.ZS;70.94;78.75;67.12;67.34;62.82;63.42;68.16;69.73;68.87;73.66;63.54;61.14;54.37;51.16;51.60;50.65;51.92;54.72;51.10;52.72;55.44;53.47;51.93;56.80
Yemen, Rep.;YEM;Imports of goods and services (% of GDP);NE.IMP.GNFS.ZS;;;;;;;;;;;;;34.39;32.72;36.50;30.15;28.35;40.85;36.24;62.57;43.25;;;
Zambia;ZMB;Imports of goods and services (% of GDP);NE.IMP.GNFS.ZS;31.63;34.73;36.46;39.56;37.78;36.63;37.27;31.59;25.26;32.18;30.54;26.87;30.87;35.74;39.02;39.97;37.37;42.73;38.63;36.59;36.93;34.16;32.54;33.91
Zimbabwe;ZWE;Imports of goods and services (% of GDP);NE.IMP.GNFS.ZS;45.12;33.51;35.91;32.94;34.97;38.05;41.57;42.50;46.86;46.39;68.05;42.30;53.48;54.67;49.00;36.67;33.74;37.59;31.28;30.37;28.39;25.52;28.73;30.90
Africa Eastern and Southern;AFE;Imports of goods and services (% of GDP);NE.IMP.GNFS.ZS;27.20;25.67;25.87;27.02;28.25;26.73;27.39;28.48;29.71;31.98;36.39;32.04;30.63;31.80;32.94;33.63;31.63;29.26;26.20;24.82;28.26;26.46;23.67;25.84
Africa Western and Central;AFW;Imports of goods and services (% of GDP);NE.IMP.GNFS.ZS;28.64;24.26;23.73;28.32;25.40;28.31;22.05;21.77;21.36;25.68;23.93;25.31;25.87;28.15;22.92;21.76;20.77;20.15;21.28;22.42;24.52;26.05;17.18;21.34
Arab World;ARB;Imports of goods and services (% of GDP);NE.IMP.GNFS.ZS;33.70;31.84;30.14;31.21;32.17;32.81;36.05;35.98;35.53;39.85;40.64;41.54;37.09;35.76;36.36;37.51;38.48;41.09;38.33;39.34;37.73;38.59;36.83;
Caribbean small states;CSS;Imports of goods and services (% of GDP);NE.IMP.GNFS.ZS;;;;;;;;;;;;;;;;;;;;;;;;
Central Europe and the Baltics;CEB;Imports of goods and services (% of GDP);NE.IMP.GNFS.ZS;39.63;39.78;43.42;43.07;42.97;45.57;49.34;49.92;54.19;55.52;55.09;47.40;53.08;56.98;58.07;58.08;59.17;58.60;58.84;60.49;61.20;59.74;56.08;62.95
Early-demographic dividend;EAR;Imports of goods and services (% of GDP);NE.IMP.GNFS.ZS;23.53;22.39;23.57;23.10;24.30;24.29;26.37;27.11;28.00;28.63;30.26;27.05;27.21;28.55;29.10;28.93;28.65;26.77;25.21;26.23;27.91;26.46;23.83;26.89
East Asia & Pacific;EAS;Imports of goods and services (% of GDP);NE.IMP.GNFS.ZS;19.76;19.11;21.55;21.71;22.49;23.88;26.67;28.64;30.97;31.63;32.56;26.08;29.06;30.69;30.28;30.87;30.61;27.28;25.50;26.74;27.60;26.29;24.03;26.41
East Asia & Pacific (excluding high income);EAP;Imports of goods and services (% of GDP);NE.IMP.GNFS.ZS;24.82;25.11;28.98;27.66;28.44;31.35;35.13;35.31;34.34;32.37;30.91;24.83;27.59;28.25;26.95;26.18;25.24;21.94;21.10;21.97;22.65;21.42;19.56;21.23
East Asia & Pacific (IDA & IBRD countries);TEA;Imports of goods and services (% of GDP);NE.IMP.GNFS.ZS;24.79;25.08;28.94;27.63;28.40;31.31;35.09;35.27;34.31;32.34;30.88;24.80;27.57;28.22;26.93;26.16;25.22;21.92;21.08;21.95;22.63;21.40;19.54;21.21
Euro area;EMU;Imports of goods and services (% of GDP);NE.IMP.GNFS.ZS;29.15;30.05;34.35;33.67;32.06;31.63;32.96;34.90;37.26;38.16;38.85;33.45;37.60;40.39;40.75;40.35;40.65;41.55;41.12;42.86;44.03;44.73;41.67;45.38
Europe & Central Asia;ECS;Imports of goods and services (% of GDP);NE.IMP.GNFS.ZS;29.21;29.87;33.29;32.95;31.70;31.37;32.46;33.91;35.95;36.43;37.38;33.12;36.25;38.42;38.22;37.96;38.06;38.59;38.90;40.42;41.54;41.88;39.35;42.05
Europe & Central Asia (excluding high income);ECA;Imports of goods and services (% of GDP);NE.IMP.GNFS.ZS;26.61;26.62;27.95;28.88;28.78;28.90;29.21;27.88;28.15;28.69;29.45;26.62;27.07;27.75;27.51;27.18;27.14;27.19;27.28;28.60;29.41;29.12;28.56;30.28
Europe & Central Asia (IDA & IBRD countries);TEC;Imports of goods and services (% of GDP);NE.IMP.GNFS.ZS;27.82;27.80;29.29;29.70;29.93;30.76;31.13;29.81;30.63;31.42;32.13;28.80;29.75;30.49;30.04;29.74;30.17;30.57;31.11;32.52;33.73;33.28;32.55;35.26
European Union;EUU;Imports of goods and services (% of GDP);NE.IMP.GNFS.ZS;29.78;30.63;34.92;34.26;32.78;32.45;33.90;35.87;38.42;39.46;40.25;34.61;38.73;41.51;41.91;41.46;41.91;42.70;42.29;44.04;45.29;45.85;42.75;46.65
Fragile and conflict affected situations;FCS;Imports of goods and services (% of GDP);NE.IMP.GNFS.ZS;31.14;29.42;27.31;29.84;29.34;31.45;31.46;31.18;28.85;31.11;30.24;29.33;28.53;29.29;28.06;29.20;28.26;24.30;23.75;24.60;27.31;28.30;22.27;24.71
Heavily indebted poor countries (HIPC);HPC;Imports of goods and services (% of GDP);NE.IMP.GNFS.ZS;30.43;30.54;28.99;29.39;30.62;31.24;32.38;34.01;33.44;35.15;36.30;33.01;35.54;36.08;37.83;36.09;33.87;32.45;29.75;28.19;32.52;31.68;27.04;31.29
High income;HIC;Imports of goods and services (% of GDP);NE.IMP.GNFS.ZS;21.47;21.52;23.36;22.77;22.59;23.24;24.93;26.40;28.32;29.48;31.07;26.21;28.90;31.23;30.99;31.22;31.40;30.03;29.03;30.20;31.00;30.42;28.11;30.63
IBRD only;IBD;Imports of goods and services (% of GDP);NE.IMP.GNFS.ZS;21.99;22.56;24.48;24.39;25.49;26.95;29.07;28.86;28.90;28.69;29.37;25.11;26.24;27.14;26.99;26.58;26.03;23.84;22.98;23.73;24.91;23.85;22.08;24.39
IDA & IBRD total;IBT;Imports of goods and services (% of GDP);NE.IMP.GNFS.ZS;22.36;22.81;24.45;24.54;25.51;26.92;28.85;28.79;28.81;28.80;29.43;25.32;26.41;27.29;27.03;26.61;25.99;23.89;22.99;23.77;25.07;24.07;22.06;24.43
IDA blend;IDB;Imports of goods and services (% of GDP);NE.IMP.GNFS.ZS;22.84;18.91;17.47;21.50;19.42;22.13;16.98;18.37;19.50;22.43;22.12;21.79;21.57;24.01;19.12;18.46;17.63;16.20;16.25;17.97;21.18;22.26;15.45;18.07
IDA only;IDX;Imports of goods and services (% of GDP);NE.IMP.GNFS.ZS;30.17;30.78;28.96;29.93;30.66;30.11;33.71;35.96;34.97;36.58;36.98;32.83;34.10;34.22;35.94;35.61;33.39;32.61;29.13;29.35;32.36;30.94;26.74;29.97
IDA total;IDA;Imports of goods and services (% of GDP);NE.IMP.GNFS.ZS;27.39;26.05;24.29;26.66;26.07;26.97;26.47;28.21;27.95;30.30;30.40;28.17;28.67;29.39;27.46;26.94;25.36;24.48;23.12;24.35;27.24;27.11;21.81;24.78
Late-demographic dividend;LTE;Imports of goods and services (% of GDP);NE.IMP.GNFS.ZS;24.13;26.10;28.13;28.60;29.46;31.65;33.74;32.91;32.64;32.30;31.77;27.02;28.07;28.37;27.83;27.46;27.17;25.59;25.20;25.56;26.18;26.03;24.57;26.02
Latin America & Caribbean;LCN;Imports of goods and services (% of GDP);NE.IMP.GNFS.ZS;19.33;20.66;21.56;21.81;22.54;23.19;24.00;23.39;23.52;23.56;24.46;20.73;21.19;22.21;22.96;23.36;23.53;23.35;22.73;22.45;25.06;24.86;24.18;28.18
Latin America & Caribbean (excluding high income);LAC;Imports of goods and services (% of GDP);NE.IMP.GNFS.ZS;17.29;18.83;19.89;20.05;20.85;21.30;21.93;21.22;21.36;21.22;22.21;18.74;19.57;20.31;20.95;21.24;21.29;22.39;21.82;21.52;24.20;23.97;23.55;27.56
Latin America & the Caribbean (IDA & IBRD countries);TLA;Imports of goods and services (% of GDP);NE.IMP.GNFS.ZS;18.45;19.61;20.58;20.83;21.62;22.02;22.72;22.16;22.32;22.48;23.37;19.88;20.46;21.43;22.39;22.86;23.12;22.98;22.36;22.05;24.71;24.51;23.98;28.17
Least developed countries: UN classification;LDC;Imports of goods and services (% of GDP);NE.IMP.GNFS.ZS;;;25.36;26.92;27.19;27.55;28.08;30.37;29.90;32.28;34.98;34.41;32.30;32.38;33.34;34.01;31.76;30.60;26.64;26.74;30.24;28.17;25.62;27.56
Low & middle income;LMY;Imports of goods and services (% of GDP);NE.IMP.GNFS.ZS;21.75;22.40;24.09;24.17;25.11;26.47;28.46;28.42;28.29;28.11;28.76;24.81;25.91;26.69;26.41;25.93;25.20;23.29;22.33;23.09;24.35;23.34;21.34;23.57
Low income;LIC;Imports of goods and services (% of GDP);NE.IMP.GNFS.ZS;;;;;;;;;;;38.29;34.79;36.11;32.97;34.83;36.07;32.28;30.81;28.82;28.44;34.15;31.97;30.65;33.68
Lower middle income;LMC;Imports of goods and services (% of GDP);NE.IMP.GNFS.ZS;25.24;23.38;24.48;25.04;25.02;25.53;27.42;28.60;28.53;29.66;32.71;28.92;28.46;30.25;30.18;29.31;28.16;26.14;24.86;26.68;29.09;27.38;23.70;27.33
Middle East & North Africa;MEA;Imports of goods and services (% of GDP);NE.IMP.GNFS.ZS;31.50;30.60;30.23;30.83;32.09;32.77;35.51;35.21;34.79;37.83;38.49;37.96;34.43;32.85;34.25;35.51;36.76;38.59;36.10;37.32;36.50;36.97;34.72;33.80
Middle East & North Africa (excluding high income);MNA;Imports of goods and services (% of GDP);NE.IMP.GNFS.ZS;27.96;28.13;28.16;29.39;30.61;31.42;34.85;34.68;31.82;32.19;33.94;32.82;30.38;27.35;29.57;30.89;31.01;30.33;27.62;30.74;32.92;32.61;28.84;28.40
Middle East & North Africa (IDA & IBRD countries);TMN;Imports of goods and services (% of GDP);NE.IMP.GNFS.ZS;27.56;27.68;27.83;29.10;30.39;31.19;34.62;34.46;31.61;31.97;33.79;32.65;30.23;27.19;29.42;30.72;30.82;30.09;27.37;30.49;32.65;32.35;28.55;28.04
Middle income;MIC;Imports of goods and services (% of GDP);NE.IMP.GNFS.ZS;21.52;22.17;23.96;24.02;24.92;26.35;28.26;28.19;28.12;27.90;28.57;24.60;25.70;26.57;26.26;25.76;25.08;23.16;22.22;23.00;24.20;23.21;21.19;23.42
North America;NAC;Imports of goods and services (% of GDP);NE.IMP.GNFS.ZS;14.00;14.67;16.05;14.77;14.62;15.00;16.22;17.08;17.76;17.98;18.89;15.23;17.35;18.78;18.58;17.96;17.96;16.85;16.10;16.47;16.72;16.01;14.51;15.85
Not classified;INX;Imports of goods and services (% of GDP);NE.IMP.GNFS.ZS;;;;;;;;;;;;;;;;;;;;;;;;
OECD members;OED;Imports of goods and services (% of GDP);NE.IMP.GNFS.ZS;19.93;20.04;21.67;21.20;20.99;21.63;23.11;24.44;26.18;27.15;28.54;23.90;26.30;28.60;28.21;28.30;28.46;27.18;26.41;27.57;28.51;27.94;25.74;28.18
Other small states;OSS;Imports of goods and services (% of GDP);NE.IMP.GNFS.ZS;63.13;56.80;52.47;52.60;52.49;50.46;49.38;48.44;50.41;51.11;48.89;47.64;45.82;46.94;49.63;49.31;48.41;51.79;53.27;52.20;51.35;52.26;54.10;52.92
Pacific island small states;PSS;Imports of goods and services (% of GDP);NE.IMP.GNFS.ZS;58.15;57.75;62.13;61.34;59.01;62.70;64.59;61.19;62.89;60.77;67.85;59.54;63.89;63.96;63.59;66.47;60.11;57.27;54.52;54.15;56.35;59.17;47.23;53.91
Post-demographic dividend;PST;Imports of goods and services (% of GDP);NE.IMP.GNFS.ZS;20.54;20.64;22.41;21.87;21.64;22.27;23.84;25.29;27.11;28.10;29.68;24.79;27.50;29.93;29.66;29.87;29.90;28.34;27.31;28.55;29.48;28.59;26.30;28.86
Pre-demographic dividend;PRE;Imports of goods and services (% of GDP);NE.IMP.GNFS.ZS;30.67;31.40;29.06;32.93;28.60;31.66;27.86;28.51;25.20;28.03;28.71;31.16;29.31;29.55;26.72;26.25;24.79;23.31;21.49;21.91;25.40;26.08;20.90;23.15
Small states;SST;Imports of goods and services (% of GDP);NE.IMP.GNFS.ZS;60.16;55.12;52.49;51.83;51.37;50.19;49.76;49.38;51.27;51.82;50.28;48.42;46.82;48.46;50.65;50.42;49.52;51.52;53.19;52.66;52.34;53.04;53.98;53.54
South Asia;SAS;Imports of goods and services (% of GDP);NE.IMP.GNFS.ZS;14.94;15.34;15.57;15.29;16.36;16.69;19.74;22.77;25.01;25.22;29.29;25.79;26.55;30.27;30.49;27.94;25.75;22.35;20.66;21.64;23.49;21.51;19.05;23.17
South Asia (IDA & IBRD);TSA;Imports of goods and services (% of GDP);NE.IMP.GNFS.ZS;14.94;15.34;15.57;15.29;16.36;16.69;19.74;22.77;25.01;25.22;29.29;25.79;26.55;30.27;30.49;27.94;25.75;22.35;20.66;21.64;23.49;21.51;19.05;23.17
Sub-Saharan Africa;SSF;Imports of goods and services (% of GDP);NE.IMP.GNFS.ZS;27.74;25.21;25.14;27.48;27.07;27.30;25.40;25.90;26.27;29.39;30.81;29.24;28.68;30.30;28.62;28.19;26.52;25.13;24.04;23.85;26.64;26.28;20.73;23.90
Sub-Saharan Africa (excluding high income);SSA;Imports of goods and services (% of GDP);NE.IMP.GNFS.ZS;27.69;25.14;25.06;27.36;26.97;27.22;25.33;25.82;26.19;29.34;30.75;29.18;28.62;30.25;28.57;28.14;26.45;25.07;23.97;23.77;26.57;26.20;20.69;23.86
Sub-Saharan Africa (IDA & IBRD countries);TSS;Imports of goods and services (% of GDP);NE.IMP.GNFS.ZS;27.74;25.21;25.14;27.48;27.07;27.30;25.40;25.90;26.27;29.39;30.81;29.24;28.68;30.30;28.62;28.19;26.52;25.13;24.04;23.85;26.64;26.28;20.73;23.90
Upper middle income;UMC;Imports of goods and services (% of GDP);NE.IMP.GNFS.ZS;20.32;21.73;23.79;23.66;24.89;26.69;28.59;28.04;27.98;27.26;27.17;23.07;24.72;25.32;24.95;24.63;24.09;22.16;21.29;21.74;22.61;21.82;20.36;22.16
World;WLD;Imports of goods and services (% of GDP);NE.IMP.GNFS.ZS;21.55;21.68;23.49;23.03;23.05;23.82;25.60;26.81;28.31;29.15;30.42;25.81;27.92;29.70;29.40;29.35;29.21;27.59;26.63;27.57;28.54;27.78;25.60;27.93
;;;;;;;;;;;;;;;;;;;;;;;;;;;
;;;;;;;;;;;;;;;;;;;;;;;;;;;
;;;;;;;;;;;;;;;;;;;;;;;;;;;
